WARNING in __folio_mark_dirty,WARNING in ieee80211_bss_info_change_notify
WARNING in udf_truncate_extents,possible deadlock in j1939_sk_queue_drop_all
BUG: sleeping function called from invalid context in console_lock,possible deadlock in l2tp_tunnel_register
possible deadlock in jbd2_journal_lock_updates,WARNING in floppy_queue_rq
WARNING in _copy_from_iter,WARNING in wait_til_done
possible deadlock in ext4_bmap,possible deadlock in ext4_bmap
WARNING in hci_conn_timeout,WARNING in btrfs_block_rsv_release
WARNING in __floppy_read_block_0,WARNING in __folio_mark_dirty
WARNING in wait_til_done,BUG: sleeping function called from invalid context in console_lock
kernel BUG in do_journal_end,BUG: sleeping function called from invalid context in console_lock
WARNING in mark_buffer_dirty,INFO: task hung in hub_port_init
possible deadlock in __jbd2_log_wait_for_space,general protection fault in s_show
kernel BUG in lbmIODone,possible deadlock in ext4_bmap
UBSAN: array-index-out-of-bounds in f2fs_iget,WARNING in _copy_from_iter
possible deadlock in jbd2_journal_lock_updates,possible deadlock in l2tp_tunnel_register
kernel BUG in btrfs_global_root_insert,possible deadlock in sco_conn_del
WARNING in __folio_mark_dirty,WARNING in put_pmu_ctx
possible deadlock in j1939_sk_queue_drop_all,WARNING in __folio_mark_dirty
BUG: soft lockup in smp_call_function,WARNING in nla_get_range_unsigned
WARNING in __floppy_read_block_0,WARNING in _copy_from_iter
WARNING in _copy_from_iter,BUG: sleeping function called from invalid context in console_lock
possible deadlock in l2tp_tunnel_register,possible deadlock in l2tp_tunnel_register
WARNING in _copy_from_iter,INFO: task hung in hub_port_init
WARNING in floppy_queue_rq,UBSAN: shift-out-of-bounds in extAlloc
general protection fault in s_show,possible deadlock in ext4_bmap
possible deadlock in l2tp_tunnel_register,kernel BUG in do_journal_end
BUG: sleeping function called from invalid context in console_lock,general protection fault in reset_interrupt
BUG: soft lockup in smp_call_function,general protection fault in mincore_page
INFO: task hung in hub_port_init,BUG: sleeping function called from invalid context in console_lock
WARNING in hci_conn_timeout,BUG: Bad page state
WARNING in __folio_mark_dirty,UBSAN: array-index-out-of-bounds in f2fs_iget
INFO: task hung in blkdev_get_by_dev,KASAN: null-ptr-deref Read in filemap_fault
WARNING in ieee80211_link_info_change_notify,INFO: task hung in register_netdevice_notifier
possible deadlock in ext4_bmap,kernel BUG in f2fs_evict_inode
general protection fault in efivar_lock,INFO: task hung in devlink_free
WARNING in _copy_from_iter,kernel BUG in do_journal_end
kernel BUG in ext4_enable_quotas,KASAN: slab-use-after-free Read in lbmIODone
WARNING in floppy_queue_rq,WARNING in udf_truncate_extents
general protection fault in reset_interrupt,possible deadlock in jbd2_journal_lock_updates
WARNING in send_hsr_supervision_frame,possible deadlock in ext4_bmap
WARNING in wait_til_done,general protection fault in reset_interrupt
possible deadlock in reiserfs_ioctl,possible deadlock in l2tp_tunnel_register
kernel BUG in do_journal_end,WARNING in floppy_interrupt
KASAN: slab-use-after-free Read in lbmIODone,WARNING: ODEBUG bug in netdev_freemem
WARNING in __floppy_read_block_0,possible deadlock in collapse_file
WARNING in untrack_pfn,BUG: Bad page state
WARNING in _copy_from_iter,WARNING in blkdev_put
possible deadlock in l2tp_tunnel_register,KASAN: slab-use-after-free Read in hci_conn_hash_flush
WARNING in hci_conn_timeout,BUG: sleeping function called from invalid context in console_lock
BUG: sleeping function called from invalid context in console_lock,WARNING in nla_get_range_unsigned
possible deadlock in ext4_bmap,WARNING in floppy_queue_rq
KASAN: stack-out-of-bounds Read in unwind_next_frame,WARNING in _copy_from_iter
WARNING in btrfs_block_rsv_release,kernel BUG in do_journal_end
kernel BUG in do_journal_end,WARNING in hci_conn_timeout
BUG: unable to handle kernel NULL pointer dereference in rcu_core,general protection fault in reset_interrupt
INFO: task hung in hub_port_init,UBSAN: array-index-out-of-bounds in f2fs_iget
WARNING in sta_info_insert_rcu,general protection fault in __call_rcu_common
WARNING in drm_wait_one_vblank,WARNING in udf_truncate_extents
WARNING in blkdev_put,WARNING in btrfs_block_rsv_release
WARNING in wait_til_done,BUG: sleeping function called from invalid context in console_lock
WARNING in hci_conn_timeout,WARNING in blkdev_put
BUG: sleeping function called from invalid context in console_lock,WARNING in _copy_from_iter
kernel BUG in ntfs_perform_write,KASAN: stack-out-of-bounds Read in unwind_next_frame
WARNING in floppy_queue_rq,WARNING in mark_buffer_dirty
possible deadlock in l2tp_tunnel_register,possible deadlock in l2tp_tunnel_register
WARNING in udf_truncate_extents,WARNING in btrfs_block_rsv_release
WARNING in wait_til_done,WARNING in _copy_from_iter
WARNING in untrack_pfn,BUG: sleeping function called from invalid context in console_lock
general protection fault in blkg_destroy_all,general protection fault in blkg_destroy_all
WARNING in _copy_from_iter,WARNING in devl_port_unregister
WARNING in __floppy_read_block_0,kernel BUG in erofs_iget
KASAN: use-after-free Read in diFree,possible deadlock in ext4_bmap
WARNING in devl_port_unregister,WARNING in hci_conn_timeout
WARNING in floppy_queue_rq,possible deadlock in ext4_bmap
WARNING in floppy_shutdown,possible deadlock in jbd2_journal_lock_updates
KASAN: use-after-free Read in f2fs_iget,KASAN: stack-out-of-bounds Read in unwind_next_frame
WARNING in ieee80211_bss_info_change_notify,kernel BUG in ntfs_perform_write
BUG: sleeping function called from invalid context in console_lock,kernel BUG in f2fs_evict_inode
WARNING in _copy_from_iter,KASAN: slab-out-of-bounds Read in ea_get
WARNING: ODEBUG bug in netdev_run_todo,WARNING in _copy_from_iter
WARNING in udf_truncate_extents,BUG: sleeping function called from invalid context in console_lock
KASAN: stack-out-of-bounds Read in unwind_next_frame,possible deadlock in jbd2_journal_lock_updates
KASAN: stack-out-of-bounds Read in unwind_next_frame,INFO: task hung in __filemap_get_folio
possible deadlock in ext4_bmap,general protection fault in s_show
general protection fault in reset_interrupt,WARNING in _copy_from_iter
WARNING in __folio_mark_dirty,INFO: task hung in hub_port_init
BUG: workqueue lockup,BUG: sleeping function called from invalid context in console_lock
WARNING in _copy_from_iter,BUG: sleeping function called from invalid context in console_lock
possible deadlock in l2tp_tunnel_register,general protection fault in reset_interrupt
INFO: task hung in hub_port_init,general protection fault in start_motor
WARNING: ODEBUG bug in netdev_run_todo,BUG: workqueue lockup
kernel BUG in do_journal_end,WARNING in floppy_queue_rq
BUG: sleeping function called from invalid context in console_lock,KASAN: stack-out-of-bounds Read in unwind_next_frame
WARNING in hci_conn_timeout,KASAN: slab-use-after-free Read in lbmIODone
WARNING in floppy_shutdown,possible deadlock in ext4_bmap
WARNING in nla_get_range_unsigned,WARNING in devl_port_unregister
possible deadlock in reiserfs_ioctl,WARNING in _copy_from_iter
kernel BUG in do_journal_end,WARNING in untrack_pfn
possible deadlock in ext4_bmap,WARNING in is_valid_gup_args
possible deadlock in jbd2_journal_lock_updates,WARNING in _copy_from_iter
WARNING in wait_til_done,WARNING in __floppy_read_block_0
WARNING in blkdev_put,possible deadlock in l2tp_tunnel_register
WARNING in _copy_from_iter,BUG: sleeping function called from invalid context in console_lock
WARNING in _copy_from_iter,WARNING in floppy_queue_rq
possible deadlock in __jbd2_log_wait_for_space,BUG: Bad page state
WARNING in is_valid_gup_args,INFO: task hung in hub_event
kernel BUG in vmf_insert_pfn_prot,WARNING in blkdev_put
UBSAN: array-index-out-of-bounds in f2fs_iget,WARNING in hci_conn_timeout
BUG: sleeping function called from invalid context in console_lock,general protection fault in start_motor
general protection fault in nl802154_trigger_scan,possible deadlock in ext4_bmap
kernel BUG in vmf_insert_pfn_prot,WARNING in _copy_from_iter
WARNING in _copy_from_iter,BUG: Bad page state
possible deadlock in jbd2_journal_lock_updates,possible deadlock in __jbd2_log_wait_for_space
WARNING in get_vaddr_frames,BUG: sleeping function called from invalid context in console_lock
BUG: Bad page state,kernel BUG in erofs_iget
kernel BUG in f2fs_evict_inode,WARNING in nla_get_range_unsigned
kernel BUG in ext4_map_blocks,possible deadlock in ext4_bmap
WARNING in blkdev_put,WARNING in floppy_queue_rq
WARNING in hci_conn_timeout,general protection fault in reset_interrupt
WARNING in process_fd_request,WARNING in cfg80211_connect
possible deadlock in hci_cmd_sync_clear,kernel BUG in btree_readpage_end_io_hook
WARNING in __folio_mark_dirty,KASAN: use-after-free Read in ieee802154_tx
kernel BUG in do_journal_end,INFO: task hung in hub_port_init
possible deadlock in l2tp_tunnel_register,KASAN: null-ptr-deref Write in vhci_shutdown_connection
WARNING in __folio_mark_dirty,WARNING: ODEBUG bug in cancel_delayed_work
WARNING in udf_truncate_extents,INFO: task hung in usb_get_descriptor
BUG: sleeping function called from invalid context in console_lock,INFO: task hung in jbd2_journal_commit_transaction
possible deadlock in jbd2_journal_lock_updates,INFO: trying to register non-static key in skb_dequeue
WARNING in _copy_from_iter,WARNING in sta_info_insert_rcu
WARNING in _copy_from_iter,general protection fault in __tipc_sendstream
BUG: sleeping function called from invalid context in console_lock,WARNING in vkms_vblank_simulate
possible deadlock in ext4_bmap,possible deadlock in console_unlock
WARNING in __floppy_read_block_0,KASAN: slab-out-of-bounds Read in fbcon_get_font
WARNING in hci_conn_timeout,KASAN: slab-out-of-bounds Read in ntfs_attr_find
KASAN: use-after-free Read in f2fs_iget,possible deadlock in l2tp_tunnel_register
INFO: task hung in nbd_ioctl,general protection fault in s_show
WARNING in floppy_queue_rq,possible deadlock in ext4_bmap
KASAN: slab-out-of-bounds Read in f2fs_iget,KASAN: slab-use-after-free Read in lbmIODone
general protection fault in s_show,WARNING in floppy_queue_rq
WARNING in hci_conn_timeout,WARNING in __floppy_read_block_0
WARNING in _copy_from_iter,WARNING in _copy_from_iter
kernel BUG in do_journal_end,WARNING in ieee80211_link_info_change_notify
possible deadlock in l2tp_tunnel_register,BUG: workqueue lockup
WARNING in __floppy_read_block_0,BUG: sleeping function called from invalid context in console_lock
WARNING in ieee80211_link_release_channel,INFO: task hung in hub_port_init
WARNING in _copy_from_iter,WARNING in _copy_from_iter
possible deadlock in jbd2_journal_lock_updates,possible deadlock in ext4_bmap
possible deadlock in ext4_bmap,INFO: task hung in usb_get_descriptor
WARNING in __floppy_read_block_0,kernel BUG in page_add_anon_rmap
general protection fault in s_show,possible deadlock in l2tp_tunnel_register
possible deadlock in ext4_bmap,BUG: sleeping function called from invalid context in console_lock
WARNING in j1939_session_deactivate_activate_next,general protection fault in s_show
WARNING in hci_conn_timeout,possible deadlock in __jbd2_log_wait_for_space
possible deadlock in jbd2_journal_lock_updates,possible deadlock in ext4_bmap
WARNING in _copy_from_iter,WARNING in ieee80211_bss_info_change_notify
WARNING in ieee80211_bss_info_change_notify,WARNING in _copy_from_iter
INFO: task hung in f2fs_issue_checkpoint,general protection fault in reset_interrupt
general protection fault in write_special_inodes,WARNING in fd_locked_ioctl
WARNING in floppy_queue_rq,BUG: sleeping function called from invalid context in console_lock
general protection fault in s_show,INFO: task hung in jbd2_journal_commit_transaction
INFO: task hung in hub_port_init,INFO: task hung in hub_port_init
INFO: task hung in sync_inodes_sb,BUG: soft lockup in smp_call_function
WARNING in _copy_from_iter,WARNING in udf_truncate_extents
possible deadlock in ext4_bmap,possible deadlock in l2tp_tunnel_register
general protection fault in pause_prepare_data,KASAN: use-after-free Read in dbAdjTree
possible deadlock in __jbd2_log_wait_for_space,WARNING in btrfs_block_rsv_release
INFO: task hung in hub_port_init,general protection fault in s_show
WARNING in floppy_queue_rq,WARNING in __split_vma
general protection fault in start_motor,INFO: task hung in usb_get_descriptor
possible deadlock in jbd2_journal_lock_updates,general protection fault in pause_prepare_data
WARNING in ieee80211_bss_info_change_notify,WARNING in _copy_from_iter
WARNING in put_pmu_ctx,WARNING in __folio_mark_dirty
WARNING in get_floppy_geometry,WARNING in is_valid_gup_args
BUG: sleeping function called from invalid context in console_lock,possible deadlock in jbd2_journal_lock_updates
WARNING in floppy_interrupt,possible deadlock in l2tp_tunnel_register
BUG: workqueue lockup,KASAN: slab-use-after-free Read in lbmIODone
possible deadlock in ext4_bmap,BUG: sleeping function called from invalid context in console_lock
possible deadlock in l2tp_tunnel_register,WARNING in _copy_from_iter
WARNING in _copy_from_iter,WARNING in ieee80211_bss_info_change_notify
possible deadlock in __jbd2_log_wait_for_space,kernel BUG in do_journal_end
WARNING in __floppy_read_block_0,possible deadlock in l2tp_tunnel_register
kernel BUG in f2fs_evict_inode,INFO: task hung in usb_get_descriptor
general protection fault in floppy_ready,WARNING in _copy_from_iter
WARNING in wait_til_done,WARNING in floppy_queue_rq
WARNING in firmware_fallback_sysfs,WARNING in invalidate_drive
INFO: task hung in io_ring_exit_work,INFO: task hung in hub_port_init
possible deadlock in l2tp_tunnel_register,WARNING in ieee80211_link_info_change_notify
WARNING in floppy_queue_rq,WARNING in put_pmu_ctx
INFO: task hung in hub_port_init,WARNING in ieee80211_bss_info_change_notify
UBSAN: array-index-out-of-bounds in f2fs_iget,WARNING in _copy_from_iter
possible deadlock in ext4_bmap,possible deadlock in ext4_bmap
WARNING in wait_til_done,WARNING in hci_conn_timeout
WARNING in __floppy_read_block_0,general protection fault in s_show
kernel BUG in do_journal_end,BUG: sleeping function called from invalid context in console_lock
WARNING in _copy_from_iter,general protection fault in reset_interrupt
possible deadlock in freeze_super,WARNING in __floppy_read_block_0
WARNING in _copy_from_iter,possible deadlock in hci_cmd_sync_clear
possible deadlock in hci_conn_hash_flush,BUG: Bad page state
INFO: task hung in __floppy_read_block_0,WARNING in _copy_from_iter
kernel BUG in ntfs_perform_write,kernel BUG in f2fs_evict_inode
WARNING in floppy_interrupt,WARNING in floppy_queue_rq
WARNING in floppy_queue_rq,BUG: sleeping function called from invalid context in console_lock
possible deadlock in ext4_bmap,possible deadlock in ext4_bmap
WARNING: ODEBUG bug in netdev_run_todo,WARNING in ea_get
BUG: workqueue lockup,WARNING in blkdev_put
BUG: sleeping function called from invalid context in console_lock,INFO: task hung in hub_port_init
possible deadlock in jbd2_journal_lock_updates,WARNING in btrfs_block_rsv_release
WARNING in floppy_interrupt,possible deadlock in jbd2_journal_lock_updates
BUG: sleeping function called from invalid context in console_lock,WARNING in untrack_pfn
kernel BUG in do_journal_end,WARNING in process_fd_request
general protection fault in pause_prepare_data,UBSAN: shift-out-of-bounds in extAlloc
WARNING in __folio_mark_dirty,WARNING in hci_conn_timeout
possible deadlock in l2tp_tunnel_register,WARNING in nla_get_range_unsigned
general protection fault in s_show,possible deadlock in collapse_file
WARNING in __floppy_read_block_0,BUG: Bad page state
possible deadlock in __jbd2_log_wait_for_space,WARNING in blkdev_put
WARNING in _copy_from_iter,WARNING in _copy_from_iter
possible deadlock in reiserfs_ioctl,WARNING in btrfs_block_rsv_release
KASAN: null-ptr-deref Read in do_journal_end,BUG: unable to handle kernel paging request in wait_consider_task
WARNING in fd_locked_ioctl,INFO: task hung in jbd2_journal_commit_transaction
possible deadlock in l2tp_tunnel_register,WARNING in nla_get_range_unsigned
WARNING in mark_buffer_dirty,INFO: task hung in fuse_simple_request
general protection fault in start_motor,INFO: task hung in map_mft_record
possible deadlock in __jbd2_log_wait_for_space,WARNING in floppy_queue_rq
possible deadlock in ext4_bmap,WARNING in wait_til_done
BUG: sleeping function called from invalid context in console_lock,general protection fault in reset_interrupt
WARNING in __floppy_read_block_0,KASAN: slab-use-after-free Read in hci_conn_hash_flush
WARNING in btrfs_block_rsv_release,UBSAN: array-index-out-of-bounds in f2fs_iget
WARNING in wait_til_done,WARNING in floppy_shutdown
kernel BUG in do_journal_end,WARNING in ieee80211_bss_info_change_notify
WARNING in floppy_queue_rq,WARNING in _copy_from_iter
INFO: task hung in hub_port_init,general protection fault in s_show
BUG: Bad page state,WARNING in nilfs_sufile_set_segment_usage
kernel BUG in dbFindLeaf,BUG: sleeping function called from invalid context in console_lock
WARNING in nla_get_range_unsigned,WARNING in __floppy_read_block_0
BUG: soft lockup in smp_call_function,possible deadlock in l2tp_tunnel_register
BUG: sleeping function called from invalid context in console_lock,WARNING in hci_conn_timeout
possible deadlock in hci_cmd_sync_clear,possible deadlock in __jbd2_log_wait_for_space
general protection fault in start_motor,WARNING in hci_conn_timeout
WARNING in __folio_mark_dirty,general protection fault in s_show
BUG: workqueue lockup,possible deadlock in l2tp_tunnel_register
WARNING in _copy_from_iter,possible deadlock in __jbd2_log_wait_for_space
INFO: task hung in hub_event,INFO: task hung in hub_port_init
BUG: soft lockup in net_rx_action,possible deadlock in jbd2_journal_lock_updates
possible deadlock in ext4_bmap,WARNING in _copy_from_iter
INFO: task hung in usb_get_descriptor,BUG: sleeping function called from invalid context in console_lock
WARNING in __floppy_read_block_0,WARNING in ieee80211_bss_info_change_notify
WARNING in untrack_pfn,kernel BUG in do_journal_end
WARNING in floppy_queue_rq,WARNING in hci_conn_timeout
BUG: soft lockup in smp_call_function,BUG: sleeping function called from invalid context in console_lock
possible deadlock in sco_sock_timeout,WARNING in _copy_from_iter
possible deadlock in __jbd2_log_wait_for_space,WARNING in vma_merge
WARNING in _copy_from_iter,UBSAN: shift-out-of-bounds in extAlloc
possible deadlock in ext4_bmap,possible deadlock in l2tp_tunnel_register
general protection fault in start_motor,WARNING in floppy_shutdown
possible deadlock in l2tp_tunnel_register,BUG: soft lockup in smp_call_function
BUG: workqueue lockup,BUG: soft lockup in watchdog_timer_fn
BUG: sleeping function called from invalid context in console_lock,INFO: task hung in hub_port_init
general protection fault in s_show,BUG: sleeping function called from invalid context in console_lock
BUG: sleeping function called from invalid context in console_lock,possible deadlock in __jbd2_log_wait_for_space
possible deadlock in ext4_bmap,kernel BUG in do_journal_end
possible deadlock in jbd2_journal_lock_updates,WARNING in _copy_from_iter
general protection fault in s_show,WARNING in btrfs_block_rsv_release
WARNING in firmware_fallback_sysfs,kernel BUG in btrfs_free_tree_block
WARNING in _copy_from_iter,BUG: sleeping function called from invalid context in console_lock
KASAN: use-after-free Read in lbmIODone,possible deadlock in l2tp_tunnel_register
WARNING in _copy_from_iter,possible deadlock in ext4_bmap
KASAN: use-after-free Read in lbmIODone,possible deadlock in jbd2_journal_lock_updates
kernel BUG in __pskb_pull_tail,INFO: task hung in hub_port_init
BUG: sleeping function called from invalid context in console_lock,WARNING in get_vaddr_frames
general protection fault in s_show,kernel BUG in do_journal_end
possible deadlock in jbd2_journal_lock_updates,WARNING in _copy_from_iter
BUG: workqueue lockup,general protection fault in pause_prepare_data
possible deadlock in l2tp_tunnel_register,BUG: sleeping function called from invalid context in console_lock
WARNING in __folio_mark_dirty,WARNING in __floppy_read_block_0
kernel BUG in f2fs_evict_inode,WARNING in hci_conn_timeout
possible deadlock in __jbd2_log_wait_for_space,possible deadlock in l2tp_tunnel_register
BUG: Bad page state,possible deadlock in reiserfs_ioctl
possible deadlock in ext4_bmap,WARNING in btrfs_block_rsv_release
BUG: sleeping function called from invalid context in console_lock,WARNING in nilfs_sufile_set_segment_usage
WARNING in nla_get_range_unsigned,INFO: task hung in register_netdevice_notifier
WARNING in blkdev_put,BUG: sleeping function called from invalid context in console_lock
possible deadlock in sco_conn_del,WARNING in _copy_from_iter
WARNING in hci_conn_timeout,INFO: task hung in hub_port_init
WARNING in untrack_pfn,WARNING in __floppy_read_block_0
BUG: sleeping function called from invalid context in console_lock,INFO: task hung in hub_event
UBSAN: array-index-out-of-bounds in f2fs_iget,INFO: task hung in eventpoll_release_file
WARNING in hci_conn_timeout,general protection fault in vhost_task_start
WARNING in _copy_from_iter,WARNING in floppy_interrupt
possible deadlock in ext4_bmap,WARNING in hci_conn_timeout
INFO: task hung in hub_port_init,KASAN: slab-use-after-free Read in hci_conn_hash_flush
WARNING in __folio_mark_dirty,kernel BUG in do_journal_end
possible deadlock in jbd2_journal_lock_updates,WARNING in ieee80211_bss_info_change_notify
possible deadlock in l2tp_tunnel_register,BUG: sleeping function called from invalid context in console_lock
possible deadlock in ext4_bmap,WARNING in _copy_from_iter
possible deadlock in __jbd2_log_wait_for_space,WARNING in __folio_mark_dirty
possible deadlock in l2tp_tunnel_register,possible deadlock in hci_conn_hash_flush
possible deadlock in jbd2_journal_lock_updates,possible deadlock in l2tp_tunnel_register
WARNING in hci_conn_timeout,INFO: task hung in blkdev_put
BUG: soft lockup in smp_call_function,possible deadlock in __jbd2_log_wait_for_space
INFO: task hung in new_device_store,WARNING in _copy_from_iter
WARNING in btrfs_block_rsv_release,WARNING in floppy_shutdown
WARNING in nla_get_range_unsigned,WARNING in floppy_interrupt
WARNING: can't access registers at entry_SYSCALL_64_after_hwframe,possible deadlock in l2tp_tunnel_register
INFO: task hung in hub_port_init,WARNING in udf_truncate_extents
WARNING in _copy_from_iter,BUG: sleeping function called from invalid context in console_lock
KASAN: stack-out-of-bounds Read in unwind_next_frame,INFO: task hung in hub_port_init
BUG: sleeping function called from invalid context in console_lock,general protection fault in blkg_destroy_all
WARNING in ieee80211_bss_info_change_notify,possible deadlock in l2tp_tunnel_register
WARNING in hci_conn_timeout,INFO: task hung in hub_port_init
INFO: task hung in io_ring_exit_work,WARNING in nla_get_range_unsigned
kernel BUG in do_journal_end,WARNING in __floppy_read_block_0
BUG: Bad page state,WARNING in hci_conn_timeout
WARNING in _copy_from_iter,possible deadlock in ext4_bmap
WARNING in mark_buffer_dirty,BUG: sleeping function called from invalid context in console_lock
WARNING in blkdev_put,possible deadlock in l2tp_tunnel_register
possible deadlock in jbd2_journal_lock_updates,kernel BUG in do_journal_end
INFO: task hung in usb_get_descriptor,WARNING in ieee80211_bss_info_change_notify
UBSAN: shift-out-of-bounds in extAlloc,WARNING in btrfs_block_rsv_release
WARNING in hci_conn_timeout,WARNING in _copy_from_iter
WARNING in _copy_from_iter,kernel BUG in erofs_iget
possible deadlock in jbd2_journal_lock_updates,possible deadlock in ext4_bmap
possible deadlock in l2tp_tunnel_register,KASAN: slab-out-of-bounds Read in f2fs_iget
WARNING in floppy_queue_rq,WARNING in kvm_vcpu_reset
possible deadlock in l2tp_tunnel_register,WARNING in __floppy_read_block_0
WARNING in floppy_interrupt,WARNING in floppy_queue_rq
WARNING in btrfs_block_rsv_release,kernel BUG in ntfs_read_folio
BUG: sleeping function called from invalid context in console_lock,KASAN: null-ptr-deref Read in filemap_fault
INFO: task hung in __filemap_get_folio,WARNING in floppy_shutdown
kernel BUG in page_add_anon_rmap,WARNING in wait_til_done
possible deadlock in ext4_bmap,UBSAN: shift-out-of-bounds in extAlloc
kernel BUG in btrfs_free_tree_block,BUG: sleeping function called from invalid context in console_lock
INFO: task hung in hub_port_init,WARNING in floppy_interrupt
general protection fault in s_show,WARNING in inet_sock_destruct
possible deadlock in jbd2_journal_lock_updates,WARNING in btrfs_block_rsv_release
general protection fault in reset_interrupt,WARNING in ieee80211_bss_info_change_notify
kernel BUG in do_journal_end,kernel BUG in do_journal_end
WARNING in __split_vma,WARNING in floppy_queue_rq
possible deadlock in __jbd2_log_wait_for_space,general protection fault in start_motor
kernel BUG in f2fs_evict_inode,BUG: unable to handle kernel paging request in path_openat
kernel BUG in do_journal_end,BUG: workqueue lockup
WARNING in _copy_from_iter,BUG: sleeping function called from invalid context in console_lock
INFO: task hung in hub_port_init,KASAN: null-ptr-deref Read in filemap_fault
general protection fault in s_show,INFO: task hung in hub_port_init
INFO: task hung in io_ring_exit_work,WARNING in ieee80211_bss_info_change_notify
possible deadlock in ext4_bmap,WARNING in _copy_from_iter
WARNING in ieee80211_bss_info_change_notify,KASAN: slab-use-after-free Read in hci_conn_hash_flush
possible deadlock in jbd2_journal_lock_updates,INFO: task hung in process_one_work
WARNING in invalidate_drive,KASAN: slab-out-of-bounds Read in f2fs_iget
WARNING in __floppy_read_block_0,kernel BUG in do_journal_end
WARNING in floppy_interrupt,KASAN: slab-use-after-free Read in hci_conn_hash_flush
possible deadlock in l2tp_tunnel_register,WARNING in hci_conn_timeout
WARNING in floppy_shutdown,WARNING: ODEBUG bug in netdev_run_todo
WARNING in _copy_from_iter,BUG: sleeping function called from invalid context in console_lock
general protection fault in s_show,general protection fault in ext4_update_overhead
possible deadlock in l2tp_tunnel_register,WARNING in _copy_from_iter
WARNING in hci_conn_timeout,general protection fault in detach_extent_buffer_page
possible deadlock in ext4_bmap,BUG: sleeping function called from invalid context in console_lock
WARNING in ieee80211_bss_info_change_notify,BUG: workqueue lockup
WARNING: ODEBUG bug in netdev_run_todo,INFO: task hung in register_netdevice_notifier
possible deadlock in ext4_bmap,INFO: task hung in io_ring_exit_work
INFO: task hung in do_exit,BUG: sleeping function called from invalid context in console_lock
possible deadlock in jbd2_journal_lock_updates,WARNING in hci_conn_timeout
possible deadlock in l2tp_tunnel_register,INFO: task hung in iterate_supers
UBSAN: array-index-out-of-bounds in f2fs_iget,KASAN: slab-use-after-free Read in lbmIODone
WARNING in _copy_from_iter,kernel BUG in do_journal_end
INFO: task hung in usb_get_descriptor,WARNING in ieee80211_bss_info_change_notify
WARNING in devl_port_unregister,kernel BUG in gfs2_glock_nq
kernel BUG in do_journal_end,kernel BUG in gfs2_glock_nq
possible deadlock in jbd2_journal_lock_updates,WARNING in _copy_from_iter
WARNING in hci_conn_timeout,UBSAN: shift-out-of-bounds in extAlloc
possible deadlock in l2tp_tunnel_register,WARNING in wait_til_done
INFO: task hung in usb_get_descriptor,WARNING in ieee80211_bss_info_change_notify
WARNING in nla_get_range_unsigned,possible deadlock in l2tp_tunnel_register
BUG: sleeping function called from invalid context in console_lock,WARNING in __split_vma
WARNING in ieee80211_bss_info_change_notify,general protection fault in efivar_lock
WARNING in split_huge_page_to_list,general protection fault in corrupted
general protection fault in pause_prepare_data,general protection fault in s_show
WARNING in btrfs_block_rsv_release,general protection fault in pause_prepare_data
WARNING in nilfs_dat_commit_end,WARNING in _copy_from_iter
UBSAN: shift-out-of-bounds in fbcon_set_font,possible deadlock in __jbd2_log_wait_for_space
possible deadlock in ext4_bmap,WARNING in put_pmu_ctx
WARNING in _copy_from_iter,WARNING in ieee80211_link_info_change_notify
kernel BUG in lbmIODone,possible deadlock in ext4_bmap
WARNING in __folio_mark_dirty,possible deadlock in jbd2_journal_lock_updates
WARNING in __rate_control_send_low,WARNING in kvm_vcpu_reset
WARNING in split_huge_page_to_list,kernel BUG in unmap_page_range
KASAN: use-after-free Read in ntfs_test_inode,kernel BUG in do_journal_end
possible deadlock in jbd2_journal_lock_updates,BUG: workqueue lockup
UBSAN: shift-out-of-bounds in extAlloc,possible deadlock in __jbd2_log_wait_for_space
general protection fault in s_show,possible deadlock in ext4_bmap
KASAN: slab-out-of-bounds Read in ntfs_test_inode,INFO: task hung in __sync_dirty_buffer
possible deadlock in ext4_bmap,possible deadlock in l2tp_tunnel_register
WARNING in __folio_mark_dirty,kernel BUG in erofs_iget
WARNING in _copy_from_iter,WARNING in _copy_from_iter
WARNING in hci_conn_timeout,INFO: task hung in hub_port_init
possible deadlock in jbd2_journal_lock_updates,possible deadlock in __jbd2_log_wait_for_space
BUG: workqueue lockup,WARNING in __floppy_read_block_0
kernel BUG in f2fs_evict_inode,possible deadlock in ext4_bmap
kernel BUG in jfs_evict_inode,possible deadlock in ntfs_read_folio
KASAN: slab-use-after-free Read in hci_conn_hash_flush,general protection fault in s_show
KASAN: null-ptr-deref Read in filemap_fault,WARNING in _copy_from_iter
WARNING in floppy_queue_rq,INFO: task hung in usb_get_descriptor
BUG: sleeping function called from invalid context in console_lock,WARNING in _copy_from_iter
general protection fault in erofs_bread,BUG: sleeping function called from invalid context in console_lock
WARNING in udf_truncate_extents,kernel BUG in do_journal_end
WARNING in __folio_mark_dirty,WARNING in __folio_mark_dirty
UBSAN: array-index-out-of-bounds in f2fs_iget,UBSAN: array-index-out-of-bounds in f2fs_iget
WARNING in floppy_queue_rq,INFO: task hung in register_netdevice_notifier
WARNING in vma_merge,WARNING in get_vaddr_frames
KASAN: user-memory-access Write in zram_submit_bio,possible deadlock in reiserfs_ioctl
general protection fault in reset_interrupt,WARNING in floppy_queue_rq
WARNING in _copy_from_iter,kernel BUG in jfs_evict_inode
WARNING in __floppy_read_block_0,possible deadlock in freeze_super
WARNING in mark_buffer_dirty,WARNING in hci_conn_timeout
INFO: task hung in blkdev_put,possible deadlock in l2tp_tunnel_register
WARNING in floppy_interrupt,possible deadlock in __jbd2_log_wait_for_space
KASAN: null-ptr-deref Read in do_journal_end,general protection fault in reset_interrupt
KASAN: slab-use-after-free Read in hci_conn_hash_flush,general protection fault in floppy_ready
WARNING in _copy_from_iter,WARNING in nla_get_range_unsigned
kernel BUG in do_journal_end,BUG: sleeping function called from invalid context in console_lock
INFO: task hung in del_device_store,
BUG: sleeping function called from invalid context in console_lock,
UBSAN: shift-out-of-bounds in extAlloc,
UBSAN: array-index-out-of-bounds in f2fs_iget,
WARNING in btrfs_block_rsv_release,
kernel BUG in do_journal_end,
KASAN: slab-use-after-free Write in sco_chan_del,
KASAN: slab-use-after-free Read in hci_conn_hash_flush,
BUG: workqueue lockup,
BUG: sleeping function called from invalid context in console_lock,
WARNING in __folio_mark_dirty,
KASAN: slab-use-after-free Read in lbmIODone,
KASAN: slab-use-after-free Write in sco_sock_timeout,
WARNING in floppy_interrupt,
KASAN: slab-use-after-free Read in hci_conn_hash_flush,
INFO: task hung in hub_port_init,
WARNING in btrfs_block_rsv_release,
BUG: workqueue lockup,
INFO: rcu detected stall in scsi_error_handler,
BUG: soft lockup in smp_call_function,
WARNING in _copy_from_iter,
BUG: sleeping function called from invalid context in console_lock,
KASAN: null-ptr-deref Read in filemap_fault,
WARNING in floppy_queue_rq,
WARNING in ieee80211_bss_info_change_notify,
WARNING: ODEBUG bug in netdev_run_todo,
WARNING in hci_conn_timeout,
KASAN: slab-use-after-free Read in lbmIODone,
UBSAN: array-index-out-of-bounds in f2fs_iget,
INFO: task hung in blkdev_put,
WARNING in _copy_from_iter,
WARNING in _copy_from_iter,
BUG: soft lockup in smp_call_function,
KASAN: slab-use-after-free Read in hci_conn_hash_flush,
WARNING in btrfs_block_rsv_release,
WARNING in invalidate_drive,
INFO: task hung in addrconf_verify_work,
BUG: sleeping function called from invalid context in console_lock,
WARNING in user_reset_fdc,
KASAN: use-after-free Read in diFree,
KASAN: null-ptr-deref Read in filemap_fault,
WARNING in btrfs_block_rsv_release,
WARNING in _copy_from_iter,
KASAN: slab-use-after-free Write in sco_sock_timeout,
KASAN: slab-use-after-free Read in hci_conn_hash_flush,
WARNING in udf_truncate_extents,
BUG: sleeping function called from invalid context in console_lock,
INFO: task hung in hub_port_init,
general protection fault in start_motor,
WARNING in __folio_mark_dirty,
KASAN: null-ptr-deref Read in filemap_fault,
kernel BUG in erofs_iget,
KASAN: slab-use-after-free Read in hci_conn_hash_flush,
WARNING in _copy_from_iter,
WARNING in __folio_mark_dirty,
WARNING in udf_truncate_extents,
general protection fault in ext4_update_overhead,
kernel BUG in do_journal_end,
WARNING in _copy_from_iter,
WARNING in btrfs_block_rsv_release,
BUG: soft lockup in smp_call_function,
general protection fault in reset_interrupt,
UBSAN: shift-out-of-bounds in extAlloc,
WARNING in floppy_interrupt,
BUG: sleeping function called from invalid context in console_lock,
WARNING in ieee80211_bss_info_change_notify,
WARNING in __folio_mark_dirty,
